"Date","Price","Open","High","Low","Vol.","Change %"
"07/17/2026","3,580","3,500","3,640","3,470","103.07M","2.29%"
"07/16/2026","3,500","3,460","3,540","3,460","49.34M","1.16%"
"07/15/2026","3,460","3,490","3,540","3,460","34.20M","-0.29%"
"07/14/2026","3,470","3,550","3,560","3,460","48.83M","-1.70%"
"07/13/2026","3,530","3,420","3,570","3,370","51.54M","3.22%"
"07/10/2026","3,420","3,430","3,450","3,380","29.34M","0.00%"
"07/09/2026","3,420","3,370","3,420","3,320","24.66M","1.18%"
"07/08/2026","3,380","3,430","3,450","3,380","55.49M","-2.59%"
"07/07/2026","3,470","3,300","3,470","3,290","60.89M","5.79%"
"07/06/2026","3,280","3,250","3,320","3,210","29.23M","0.92%"
"07/03/2026","3,250","3,210","3,290","3,210","28.68M","2.52%"
"07/02/2026","3,170","3,110","3,230","3,110","56.39M","2.26%"
"07/01/2026","3,100","3,160","3,180","3,090","68.36M","-1.90%"
"06/30/2026","3,160","3,250","3,270","3,160","68.05M","-3.07%"
"06/29/2026","3,260","3,340","3,350","3,260","30.13M","-1.81%"
"06/26/2026","3,320","3,330","3,370","3,230","75.39M","-0.90%"
"06/25/2026","3,350","3,320","3,430","3,300","51.65M","0.90%"
"06/24/2026","3,320","3,430","3,490","3,290","102.48M","-3.21%"
"06/23/2026","3,430","3,490","3,490","3,390","69.81M","-1.72%"
"06/22/2026","3,490","3,720","3,720","3,490","56.95M","-4.90%"
"06/19/2026","3,670","3,720","3,760","3,640","95.37M","-1.61%"
"06/18/2026","3,730","3,780","3,780","3,660","70.46M","-1.84%"
"06/17/2026","3,800","3,810","3,920","3,670","90.26M","0.00%"
"06/15/2026","3,800","3,650","3,830","3,650","110.83M","6.74%"
"06/12/2026","3,560","3,570","3,650","3,520","74.82M","1.71%"
"06/11/2026","3,500","3,490","3,620","3,400","135.48M","1.45%"
"06/10/2026","3,450","3,320","3,560","3,300","213.54M","5.50%"
"06/09/2026","3,270","3,000","3,350","2,990","182.15M","8.64%"
"06/08/2026","3,010","3,150","3,190","3,010","146.59M","-6.23%"
"06/05/2026","3,210","3,400","3,420","3,210","87.51M","-6.14%"
"06/04/2026","3,420","3,570","3,580","3,350","107.48M","-4.20%"
"06/03/2026","3,570","3,770","3,790","3,560","60.86M","-5.05%"
"06/02/2026","3,760","3,760","3,820","3,710","50.89M","1.62%"
"05/29/2026","3,700","3,820","3,850","3,700","160.25M","-3.65%"
"05/26/2026","3,840","3,890","3,890","3,810","25.82M","-1.29%"
"05/25/2026","3,890","3,810","3,930","3,800","56.97M","2.91%"
"05/22/2026","3,780","3,800","3,810","3,750","25.05M","-0.53%"
"05/21/2026","3,800","3,810","3,860","3,780","29.62M","0.00%"
"05/20/2026","3,800","3,830","3,880","3,770","54.49M","-0.26%"
"05/19/2026","3,810","3,810","3,880","3,770","42.43M","0.26%"
"05/18/2026","3,800","3,830","3,840","3,730","37.87M","-1.81%"
"05/13/2026","3,870","3,890","3,890","3,820","24.63M","-1.02%"
"05/12/2026","3,910","3,820","3,910","3,770","44.68M","2.36%"
"05/11/2026","3,820","3,890","3,890","3,800","31.60M","-1.04%"
"05/08/2026","3,860","3,980","3,990","3,860","58.94M","-3.02%"
"05/07/2026","3,980","3,880","3,990","3,860","56.08M","3.92%"
"05/06/2026","3,830","3,920","3,930","3,800","41.95M","-2.30%"
"05/05/2026","3,920","3,840","3,970","3,810","52.77M","2.08%"
"05/04/2026","3,840","3,780","3,860","3,760","39.29M","3.23%"
"04/30/2026","3,720","3,790","3,800","3,720","57.55M","-2.11%"
"04/29/2026","3,800","3,810","3,840","3,770","27.96M","0.26%"
"04/28/2026","3,790","3,750","3,790","3,680","31.60M","1.88%"
"04/27/2026","3,720","3,790","3,800","3,720","27.55M","-1.33%"
"04/24/2026","3,770","3,850","3,860","3,720","53.99M","-2.58%"
"04/23/2026","3,870","3,850","3,890","3,820","56.53M","1.04%"
"04/22/2026","3,830","3,750","3,840","3,740","58.90M","2.68%"
"04/21/2026","3,730","3,670","3,730","3,660","30.51M","1.63%"
"04/20/2026","3,670","3,710","3,730","3,660","36.95M","-1.08%"
"04/17/2026","3,710","3,690","3,740","3,690","22.71M","0.27%"
"04/16/2026","3,700","3,700","3,700","3,660","30.46M","0.82%"
"04/15/2026","3,670","3,770","3,790","3,660","57.71M","-1.87%"
"04/14/2026","3,740","3,740","3,780","3,710","51.37M","1.63%"
"04/13/2026","3,680","3,710","3,710","3,660","36.98M","-1.34%"
"04/10/2026","3,730","3,730","3,820","3,700","58.85M","0.54%"
"04/09/2026","3,710","3,760","3,770","3,680","55.09M","-1.85%"
"04/08/2026","3,780","3,650","3,800","3,630","112.85M","7.69%"
"04/07/2026","3,510","3,640","3,660","3,510","101.47M","-3.57%"
"04/06/2026","3,640","3,700","3,720","3,630","45.43M","-1.62%"
"04/02/2026","3,700","3,730","3,750","3,690","53.75M","-0.54%"
"04/01/2026","3,720","3,830","3,840","3,720","88.88M","-1.06%"
"03/31/2026","3,760","3,850","3,880","3,760","76.85M","-2.34%"
"03/30/2026","3,850","3,860","3,860","3,780","82.87M","-1.28%"
"03/27/2026","3,900","3,980","3,990","3,900","76.82M","-2.50%"
"03/26/2026","4,000","4,050","4,060","3,970","90.18M","-0.99%"
"03/25/2026","4,040","4,050","4,090","3,980","247.99M","-7.97%"
"03/17/2026","4,390","4,330","4,390","4,320","209.82M","1.62%"
"03/16/2026","4,320","4,250","4,340","4,230","126.14M","1.89%"
"03/13/2026","4,240","4,290","4,310","4,220","99.44M","-0.93%"
"03/12/2026","4,280","4,300","4,350","4,270","87.01M","-0.23%"
"03/11/2026","4,290","4,300","4,330","4,280","54.80M","0.70%"
"03/10/2026","4,260","4,350","4,370","4,250","66.62M","-0.70%"
"03/09/2026","4,290","4,150","4,330","4,130","102.38M","0.47%"
"03/06/2026","4,270","4,270","4,300","4,210","47.79M","-0.23%"
"03/05/2026","4,280","4,220","4,320","4,200","52.18M","3.13%"
"03/04/2026","4,150","4,280","4,290","4,120","101.73M","-3.49%"
"03/03/2026","4,300","4,310","4,360","4,300","34.41M","0.00%"
"03/02/2026","4,300","4,350","4,380","4,300","77.49M","-2.27%"
"02/27/2026","4,400","4,460","4,460","4,400","83.01M","-1.35%"
"02/26/2026","4,460","4,500","4,510","4,420","53.38M","-0.89%"
"02/25/2026","4,500","4,470","4,520","4,440","53.01M","1.12%"
"02/24/2026","4,450","4,480","4,490","4,430","58.15M","-1.11%"
"02/23/2026","4,500","4,470","4,510","4,460","35.30M","0.67%"
"02/20/2026","4,470","4,450","4,500","4,420","48.07M","0.45%"
"02/19/2026","4,450","4,520","4,550","4,450","54.01M","-0.89%"
"02/18/2026","4,490","4,510","4,540","4,480","38.80M","0.22%"
"02/13/2026","4,480","4,510","4,510","4,470","25.12M","-0.67%"
"02/12/2026","4,510","4,480","4,510","4,470","27.57M","0.67%"
"02/11/2026","4,480","4,500","4,510","4,460","54.08M","-0.67%"
"02/10/2026","4,510","4,520","4,540","4,480","38.28M","-0.22%"
"02/09/2026","4,520","4,570","4,570","4,450","51.51M","-0.22%"
"02/06/2026","4,530","4,510","4,560","4,470","59.93M","-0.88%"
"02/05/2026","4,570","4,630","4,730","4,570","94.55M","-1.30%"
"02/04/2026","4,630","4,590","4,650","4,570","92.92M","0.87%"
"02/03/2026","4,590","4,570","4,630","4,380","82.65M","2.00%"
"02/02/2026","4,500","4,570","4,580","4,370","85.79M","0.22%"
"01/30/2026","4,490","4,450","4,590","4,430","167.02M","1.58%"
"01/29/2026","4,420","4,310","4,460","3,990","242.95M","-0.45%"
"01/28/2026","4,440","4,380","4,550","4,270","114.15M","-1.33%"
"01/27/2026","4,500","4,530","4,540","4,470","40.66M","-0.66%"
"01/26/2026","4,530","4,590","4,600","4,520","79.14M","-1.52%"
"01/23/2026","4,600","4,590","4,610","4,520","37.56M","0.22%"
"01/22/2026","4,590","4,600","4,670","4,590","60.26M","0.00%"
"01/21/2026","4,590","4,570","4,590","4,500","54.28M","0.44%"
"01/20/2026","4,570","4,620","4,640","4,560","67.79M","-1.08%"
"01/19/2026","4,620","4,540","4,720","4,510","123.40M","1.76%"
"01/15/2026","4,540","4,380","4,600","4,370","132.48M","4.13%"
"01/14/2026","4,360","4,340","4,390","4,310","41.78M","0.46%"
"01/13/2026","4,340","4,250","4,340","4,240","76.02M","2.84%"
"01/12/2026","4,220","4,190","4,250","4,190","24.97M","0.96%"
"01/09/2026","4,180","4,230","4,240","4,180","35.41M","-0.71%"
"01/08/2026","4,210","4,200","4,270","4,200","40.06M","0.24%"
"01/07/2026","4,200","4,200","4,240","4,200","39.30M","-0.94%"
"01/06/2026","4,240","4,230","4,260","4,200","53.91M","0.24%"
"01/05/2026","4,230","4,260","4,270","4,210","48.78M","-0.70%"
"01/02/2026","4,260","4,340","4,350","4,260","32.69M","-2.52%"
"12/30/2025","4,370","4,260","4,380","4,250","44.23M","2.58%"
"12/29/2025","4,260","4,270","4,320","4,260","24.49M","-0.23%"
"12/24/2025","4,270","4,260","4,330","4,260","18.16M","-0.47%"
"12/23/2025","4,290","4,290","4,320","4,250","26.80M","-0.92%"
"12/22/2025","4,330","4,330","4,360","4,290","28.11M","-0.23%"
"12/19/2025","4,340","4,380","4,410","4,320","47.29M","-0.91%"
"12/18/2025","4,380","4,360","4,440","4,360","45.69M","0.23%"
"12/17/2025","4,370","4,400","4,420","4,340","27.65M","-0.68%"
"12/16/2025","4,400","4,440","4,460","4,330","36.29M","-0.90%"
"12/15/2025","4,440","4,270","4,450","4,230","57.53M","4.72%"
"12/12/2025","4,240","4,290","4,290","4,170","23.24M","0.24%"
"12/11/2025","4,230","4,350","4,390","4,190","43.39M","-1.86%"
"12/10/2025","4,310","4,350","4,350","4,270","19.91M","-0.23%"
"12/09/2025","4,320","4,310","4,330","4,260","34.46M","0.23%"
"12/08/2025","4,310","4,360","4,360","4,290","28.22M","0.47%"
"12/05/2025","4,290","4,330","4,360","4,290","28.88M","-0.46%"
"12/04/2025","4,310","4,260","4,320","4,240","23.54M","1.17%"
"12/03/2025","4,260","4,270","4,290","4,240","28.26M","-0.23%"
"12/02/2025","4,270","4,340","4,360","4,250","39.09M","-0.93%"
"12/01/2025","4,310","4,240","4,350","4,240","19.34M","1.17%"
"11/28/2025","4,260","4,330","4,350","4,260","40.76M","-2.07%"
"11/27/2025","4,350","4,420","4,420","4,300","33.62M","-1.36%"
"11/26/2025","4,410","4,420","4,420","4,370","31.69M","-0.23%"
"11/25/2025","4,420","4,420","4,450","4,370","36.14M","0.68%"
"11/24/2025","4,390","4,400","4,440","4,350","76.65M","0.00%"
"11/21/2025","4,390","4,450","4,450","4,370","45.57M","-1.57%"
"11/20/2025","4,460","4,470","4,560","4,450","54.71M","0.00%"
"11/19/2025","4,460","4,470","4,470","4,410","34.30M","0.00%"
"11/18/2025","4,460","4,400","4,470","4,400","36.96M","1.59%"
"11/17/2025","4,390","4,390","4,440","4,380","28.45M","0.00%"
"11/14/2025","4,390","4,410","4,450","4,370","34.60M","-0.68%"
"11/13/2025","4,420","4,470","4,480","4,420","20.21M","-0.90%"
"11/12/2025","4,460","4,410","4,480","4,400","35.39M","0.90%"
"11/11/2025","4,420","4,450","4,450","4,370","48.79M","0.00%"
"11/10/2025","4,420","4,520","4,520","4,410","45.52M","-1.78%"
"11/07/2025","4,500","4,440","4,500","4,440","36.15M","1.35%"
"11/06/2025","4,440","4,450","4,480","4,430","31.81M","-0.45%"
"11/05/2025","4,460","4,400","4,480","4,380","43.45M","0.22%"
"11/04/2025","4,450","4,430","4,510","4,430","73.34M","0.45%"
"11/03/2025","4,430","4,390","4,460","4,380","40.46M","1.14%"
"10/31/2025","4,380","4,400","4,450","4,350","69.14M","-0.68%"
"10/30/2025","4,410","4,420","4,530","4,370","91.04M","-0.68%"
"10/29/2025","4,440","4,380","4,440","4,320","71.74M","1.60%"
"10/28/2025","4,370","4,390","4,440","4,340","58.46M","0.00%"
"10/27/2025","4,370","4,440","4,450","4,270","102.36M","0.00%"
"10/24/2025","4,370","4,220","4,440","4,210","177.60M","3.07%"
"10/23/2025","4,240","4,030","4,250","4,020","130.64M","5.21%"
"10/22/2025","4,030","4,070","4,150","4,000","81.23M","-0.49%"
"10/21/2025","4,050","4,110","4,130","4,030","88.06M","0.25%"
"10/20/2025","4,040","3,870","4,110","3,860","146.20M","6.32%"
"10/17/2025","3,800","3,870","3,900","3,800","60.73M","-1.30%"
"10/16/2025","3,850","3,790","3,890","3,760","55.98M","2.12%"
"10/15/2025","3,770","3,810","3,840","3,720","84.58M","-0.79%"
"10/14/2025","3,800","3,910","3,940","3,800","69.45M","-2.56%"
"10/13/2025","3,900","3,920","3,940","3,870","38.35M","-1.76%"
"10/10/2025","3,970","4,090","4,090","3,950","48.78M","-3.17%"
"10/09/2025","4,100","3,910","4,150","3,860","106.11M","4.06%"
"10/08/2025","3,940","4,000","4,010","3,930","28.81M","-1.25%"
"10/07/2025","3,990","4,030","4,040","3,970","41.25M","-0.25%"
"10/06/2025","4,000","4,040","4,090","4,000","35.06M","-0.99%"
"10/03/2025","4,040","4,060","4,080","4,010","26.76M","0.00%"
"10/02/2025","4,040","4,050","4,100","4,040","34.73M","-0.25%"
"10/01/2025","4,050","4,050","4,120","4,050","37.81M","-1.22%"
"09/30/2025","4,100","4,170","4,170","4,100","60.16M","-1.68%"
"09/29/2025","4,170","4,160","4,170","4,110","41.04M","-0.24%"
"09/26/2025","4,180","4,150","4,180","4,110","39.38M","-0.24%"
"09/25/2025","4,190","4,180","4,190","4,140","35.63M","0.00%"
"09/24/2025","4,190","4,220","4,230","4,170","28.65M","-0.24%"
"09/23/2025","4,200","4,210","4,240","4,170","39.15M","-0.24%"
"09/22/2025","4,210","4,270","4,280","4,170","63.52M","-1.41%"
"09/19/2025","4,270","4,250","4,290","4,210","100.58M","-1.61%"
"09/18/2025","4,340","4,480","4,490","4,250","90.93M","-2.47%"
"09/17/2025","4,450","4,390","4,450","4,330","54.55M","1.83%"
"09/16/2025","4,370","4,440","4,450","4,320","52.08M","-0.91%"
"09/15/2025","4,410","4,550","4,600","4,410","74.52M","-2.43%"
"09/12/2025","4,520","4,430","4,530","4,330","109.80M","2.26%"
"09/11/2025","4,420","4,210","4,430","4,210","130.16M","7.80%"
"09/10/2025","4,100","4,100","4,140","4,080","64.54M","0.49%"
"09/09/2025","4,080","4,160","4,200","4,020","102.88M","-2.39%"
"09/08/2025","4,180","4,430","4,440","4,050","55.69M","-4.35%"
"09/04/2025","4,370","4,410","4,410","4,340","17.35M","-0.91%"
"09/03/2025","4,410","4,320","4,410","4,320","29.75M","2.32%"
"09/02/2025","4,310","4,340","4,430","4,290","28.51M","-0.23%"
"09/01/2025","4,320","4,170","4,400","4,150","60.51M","-1.37%"
"08/29/2025","4,380","4,440","4,460","4,350","60.71M","-1.79%"
"08/28/2025","4,460","4,480","4,500","4,450","37.27M","0.22%"
"08/27/2025","4,450","4,500","4,500","4,400","45.97M","-1.98%"
"08/26/2025","4,540","4,430","4,540","4,370","85.60M","2.02%"
"08/25/2025","4,450","4,460","4,520","4,440","53.43M","1.37%"
"08/22/2025","4,390","4,500","4,500","4,380","32.63M","-2.23%"
"08/21/2025","4,490","4,420","4,490","4,400","60.90M","1.35%"
"08/20/2025","4,430","4,290","4,450","4,290","52.90M","2.31%"
"08/19/2025","4,330","4,360","4,360","4,280","34.41M","-0.92%"
"08/15/2025","4,370","4,370","4,450","4,370","62.30M","-0.46%"
"08/14/2025","4,390","4,400","4,400","4,360","43.16M","0.46%"
"08/13/2025","4,370","4,390","4,420","4,310","54.04M","0.23%"
"08/12/2025","4,360","4,220","4,420","4,210","120.91M","3.81%"
"08/11/2025","4,200","4,090","4,220","4,080","61.70M","3.19%"
"08/08/2025","4,070","4,090","4,100","4,070","43.53M","-1.21%"
"08/07/2025","4,120","4,120","4,140","4,100","21.21M","0.49%"
"08/06/2025","4,100","4,220","4,230","4,100","27.98M","-2.84%"
"08/05/2025","4,220","4,040","4,230","4,040","93.77M","5.24%"
"08/04/2025","4,010","4,000","4,030","3,990","30.44M","0.00%"
"08/01/2025","4,010","4,050","4,070","4,010","32.30M","0.00%"
"07/31/2025","4,010","4,100","4,110","4,010","50.38M","-2.67%"
"07/30/2025","4,120","4,150","4,160","4,090","33.92M","-0.72%"
"07/29/2025","4,150","4,200","4,200","4,120","27.29M","-1.43%"
"07/28/2025","4,210","4,110","4,220","4,090","45.45M","2.93%"
"07/25/2025","4,090","4,160","4,180","4,070","48.60M","-3.08%"
"07/24/2025","4,220","4,100","4,250","4,080","57.28M","2.93%"
"07/23/2025","4,100","4,080","4,100","4,040","23.32M","1.23%"
"07/22/2025","4,050","4,090","4,090","4,040","32.61M","-0.49%"
"07/21/2025","4,070","4,140","4,140","4,070","35.00M","-1.21%"
"07/18/2025","4,120","4,120","4,150","4,100","35.07M","0.24%"
"07/17/2025","4,110","4,140","4,140","4,090","25.82M","-0.48%"
"07/16/2025","4,130","4,130","4,150","4,080","66.35M","1.98%"
"07/15/2025","4,050","4,040","4,070","4,010","30.50M","0.25%"
"07/14/2025","4,040","4,190","4,190","4,000","68.38M","-3.35%"
"07/11/2025","4,180","4,130","4,220","4,120","48.94M","1.70%"
"07/10/2025","4,110","3,980","4,140","3,980","44.06M","2.75%"
"07/09/2025","4,000","3,960","4,000","3,950","27.90M","0.76%"
"07/08/2025","3,970","3,980","4,020","3,950","27.87M","-0.75%"
"07/07/2025","4,000","4,000","4,010","3,930","28.01M","0.00%"
"07/04/2025","4,000","3,970","4,010","3,950","30.40M","0.76%"
"07/03/2025","3,970","4,010","4,060","3,970","49.95M","-1.24%"
"07/02/2025","4,020","4,010","4,040","3,970","31.19M","0.25%"
"07/01/2025","4,010","4,120","4,130","4,000","55.71M","-2.67%"
"06/30/2025","4,120","4,130","4,130","4,050","53.73M","0.00%"
"06/26/2025","4,120","4,110","4,120","4,050","31.91M","0.24%"
"06/25/2025","4,110","4,200","4,200","4,060","33.88M","-0.72%"
"06/24/2025","4,140","4,160","4,210","4,140","51.93M","1.97%"
"06/23/2025","4,060","4,060","4,100","3,970","53.49M","-1.22%"
"06/20/2025","4,110","4,120","4,140","4,050","178.50M","-0.48%"
"06/19/2025","4,130","4,300","4,300","4,100","87.78M","-3.95%"
"06/18/2025","4,300","4,350","4,360","4,250","40.71M","-1.38%"
"06/17/2025","4,360","4,400","4,420","4,350","44.88M","-0.91%"
"06/16/2025","4,400","4,490","4,490","4,360","90.22M","-3.08%"
"06/13/2025","4,540","4,480","4,540","4,450","30.55M","0.00%"
"06/12/2025","4,540","4,530","4,540","4,480","29.57M","0.00%"
"06/11/2025","4,540","4,530","4,540","4,480","35.01M","0.44%"
"06/10/2025","4,520","4,470","4,520","4,450","45.82M","2.26%"
"06/05/2025","4,420","4,310","4,420","4,310","36.14M","2.79%"
"06/04/2025","4,300","4,420","4,420","4,300","35.50M","-1.60%"
"06/03/2025","4,370","4,350","4,380","4,260","42.95M","0.00%"
"06/02/2025","4,370","4,480","4,480","4,300","68.99M","-2.67%"
"05/28/2025","4,490","4,520","4,540","4,470","63.75M","-0.88%"
"05/27/2025","4,530","4,500","4,530","4,460","40.87M","0.67%"
"05/26/2025","4,500","4,510","4,520","4,420","36.71M","-0.22%"
"05/23/2025","4,510","4,520","4,540","4,480","32.71M","0.89%"
"05/22/2025","4,470","4,520","4,540","4,470","42.31M","-1.11%"
"05/21/2025","4,520","4,480","4,580","4,470","79.97M","1.57%"
"05/20/2025","4,450","4,460","4,570","4,420","81.05M","-0.22%"
"05/19/2025","4,460","4,480","4,520","4,430","60.12M","-0.89%"
"05/16/2025","4,500","4,530","4,530","4,360","88.96M","0.00%"
"05/15/2025","4,500","4,390","4,530","4,390","120.60M","2.97%"
"05/14/2025","4,370","4,180","4,370","4,160","179.47M","6.59%"
"05/09/2025","4,100","4,120","4,140","4,060","37.79M","-0.49%"
"05/08/2025","4,120","4,160","4,220","4,080","78.00M","-0.96%"
"05/07/2025","4,160","4,190","4,200","4,140","57.69M","-0.48%"
"05/06/2025","4,180","4,220","4,230","4,170","66.44M","-0.71%"
"05/05/2025","4,210","4,210","4,280","4,180","60.39M","0.24%"
"05/02/2025","4,200","4,220","4,230","4,160","81.97M","0.48%"
"04/30/2025","4,180","4,160","4,180","4,080","85.51M","0.97%"
"04/29/2025","4,140","4,210","4,220","4,120","61.82M","-1.19%"
"04/28/2025","4,190","4,210","4,250","4,170","68.48M","-0.24%"
"04/25/2025","4,200","4,200","4,210","4,140","102.07M","0.72%"
"04/24/2025","4,170","4,200","4,250","4,120","145.43M","0.48%"
"04/23/2025","4,150","4,080","4,170","4,030","128.95M","3.49%"
"04/22/2025","4,010","3,990","4,050","3,960","84.00M","0.50%"
"04/21/2025","3,990","4,040","4,050","3,950","67.07M","-1.24%"
"04/17/2025","4,040","4,110","4,150","4,040","68.39M","-1.46%"
"04/16/2025","4,100","4,280","4,290","4,090","109.75M","-4.21%"
"04/15/2025","4,280","4,280","4,350","4,270","156.49M","-5.93%"
"04/14/2025","4,550","4,450","4,550","4,440","162.13M","3.64%"
"04/11/2025","4,390","4,240","4,400","4,200","90.24M","3.05%"
"04/10/2025","4,260","4,380","4,400","4,220","131.18M","5.45%"
"04/09/2025","4,040","4,030","4,140","3,970","81.41M","0.25%"
"04/08/2025","4,030","3,680","4,080","3,610","185.28M","-4.95%"
"03/27/2025","4,240","4,250","4,280","4,110","101.19M","-0.24%"
"03/26/2025","4,250","4,010","4,280","4,000","229.42M","8.97%"
"03/25/2025","3,900","3,770","3,930","3,740","157.67M","4.84%"
"03/24/2025","3,720","3,770","3,830","3,630","135.66M","-1.33%"
"03/21/2025","3,770","4,080","4,090","3,770","246.73M","-7.60%"
"03/20/2025","4,080","4,240","4,270","4,050","109.60M","-2.16%"
"03/19/2025","4,170","4,190","4,250","4,120","110.42M","-0.48%"
"03/18/2025","4,190","4,300","4,310","4,030","80.14M","-3.23%"
"03/17/2025","4,330","4,430","4,460","4,260","60.91M","-2.26%"
"03/14/2025","4,430","4,470","4,520","4,400","50.34M","-2.21%"
"03/13/2025","4,530","4,600","4,600","4,440","48.95M","0.00%"
"03/12/2025","4,530","4,490","4,550","4,480","44.66M","1.80%"
"03/11/2025","4,450","4,380","4,460","4,360","44.32M","0.00%"
"03/10/2025","4,450","4,540","4,540","4,410","43.04M","-1.98%"
"03/07/2025","4,540","4,590","4,590","4,460","61.63M","-1.09%"
"03/06/2025","4,590","4,550","4,700","4,540","104.23M","2.91%"
"03/05/2025","4,460","4,250","4,540","4,250","102.00M","5.69%"
"03/04/2025","4,220","4,240","4,290","4,170","71.34M","-0.94%"
"03/03/2025","4,260","4,180","4,310","4,120","156.62M","5.71%"
"02/28/2025","4,030","4,270","4,270","4,010","156.57M","-7.14%"
"02/27/2025","4,340","4,350","4,370","4,200","58.36M","-0.23%"
"02/26/2025","4,350","4,250","4,350","4,210","42.11M","2.84%"
"02/25/2025","4,230","4,230","4,280","4,110","45.78M","0.71%"
"02/24/2025","4,200","4,300","4,320","4,200","61.47M","-2.33%"
"02/21/2025","4,300","4,410","4,440","4,300","70.12M","-3.59%"
"02/20/2025","4,460","4,520","4,550","4,400","49.47M","-1.33%"
"02/19/2025","4,520","4,750","4,750","4,480","72.33M","-4.84%"
"02/18/2025","4,750","4,600","4,750","4,600","73.99M","3.94%"
"02/17/2025","4,570","4,370","4,590","4,350","52.49M","4.58%"
"02/14/2025","4,370","4,310","4,390","4,300","61.93M","2.82%"
"02/13/2025","4,250","4,280","4,300","4,210","38.17M","-1.16%"
"02/12/2025","4,300","4,130","4,300","4,100","57.78M","5.65%"
"02/11/2025","4,070","4,150","4,170","4,050","52.99M","-1.93%"
"02/10/2025","4,150","4,270","4,310","4,150","46.86M","-2.81%"
"02/07/2025","4,270","4,250","4,350","4,160","69.27M","-0.47%"
"02/06/2025","4,290","4,500","4,510","4,260","72.52M","-4.67%"
"02/05/2025","4,500","4,650","4,680","4,480","52.08M","-4.26%"
"02/04/2025","4,700","4,770","4,780","4,700","44.27M","-1.67%"
"02/03/2025","4,780","4,770","4,800","4,640","63.07M","0.21%"
"01/31/2025","4,770","4,660","4,880","4,660","78.96M","2.80%"
"01/30/2025","4,640","4,610","4,670","4,580","23.98M","0.65%"
"01/24/2025","4,610","4,660","4,700","4,610","42.14M","-0.86%"
"01/23/2025","4,650","4,790","4,820","4,650","86.70M","-2.92%"
"01/22/2025","4,790","4,790","4,810","4,760","55.90M","1.05%"
"01/21/2025","4,740","4,690","4,820","4,650","96.01M","2.60%"
"01/20/2025","4,620","4,520","4,660","4,490","67.69M","3.36%"
"01/17/2025","4,470","4,450","4,570","4,380","40.13M","-0.67%"
"01/16/2025","4,500","4,600","4,600","4,480","113.85M","2.04%"
"01/15/2025","4,410","4,150","4,430","4,150","82.04M","6.78%"
"01/14/2025","4,130","4,170","4,240","4,110","71.57M","-1.90%"
"01/13/2025","4,210","4,320","4,330","4,200","54.03M","-3.22%"
"01/10/2025","4,350","4,380","4,420","4,350","28.24M","-0.68%"
"01/09/2025","4,380","4,360","4,410","4,350","25.55M","0.23%"
"01/08/2025","4,370","4,350","4,430","4,350","39.48M","0.23%"
"01/07/2025","4,360","4,370","4,410","4,340","36.97M","-1.58%"
"01/06/2025","4,430","4,550","4,560","4,410","26.01M","-2.42%"
"01/03/2025","4,540","4,600","4,630","4,540","76.39M","-1.09%"
"01/02/2025","4,590","4,360","4,590","4,360","56.99M","5.52%"
"12/30/2024","4,350","4,340","4,380","4,270","43.90M","-0.23%"
"12/27/2024","4,360","4,380","4,430","4,360","22.84M","-0.46%"
"12/24/2024","4,380","4,380","4,400","4,340","21.46M","0.00%"
"12/23/2024","4,380","4,320","4,390","4,320","43.67M","2.82%"
"12/20/2024","4,260","4,330","4,360","4,260","83.87M","-1.16%"
"12/19/2024","4,310","4,360","4,370","4,300","71.25M","-2.71%"
"12/18/2024","4,430","4,470","4,530","4,410","56.47M","-0.89%"
"12/17/2024","4,470","4,620","4,640","4,430","119.87M","-3.66%"
"12/16/2024","4,640","4,610","4,720","4,600","83.74M","-1.90%"
"12/13/2024","4,730","4,800","4,830","4,720","72.85M","-3.07%"
"12/12/2024","4,880","5,025","5,025","4,880","45.91M","-3.84%"
"12/11/2024","5,075","5,050","5,175","5,050","39.77M","-0.49%"
"12/10/2024","5,100","4,990","5,100","4,930","39.16M","2.00%"
"12/09/2024","5,000","4,890","5,050","4,880","43.94M","2.88%"
"12/06/2024","4,860","4,820","4,880","4,780","25.74M","0.83%"
"12/05/2024","4,820","4,950","4,950","4,810","33.54M","-2.63%"
"12/04/2024","4,950","4,800","4,980","4,790","46.94M","3.56%"
"12/03/2024","4,780","4,740","4,840","4,730","60.10M","1.49%"
"12/02/2024","4,710","4,980","5,000","4,710","49.32M","-5.42%"
"11/29/2024","4,980","5,025","5,050","4,940","48.89M","-0.90%"
"11/28/2024","5,025","5,025","5,075","4,950","28.34M","1.52%"
"11/26/2024","4,950","5,025","5,050","4,950","37.32M","-0.80%"
"11/25/2024","4,990","4,850","5,075","4,840","98.41M","3.10%"
"11/22/2024","4,840","4,750","4,860","4,740","50.26M","2.54%"
"11/21/2024","4,720","4,820","4,850","4,710","45.73M","-2.68%"
"11/20/2024","4,850","4,870","4,900","4,800","24.69M","0.00%"
"11/19/2024","4,850","4,860","4,890","4,800","28.27M","-0.41%"
"11/18/2024","4,870","4,930","4,930","4,830","22.62M","-0.81%"
"11/15/2024","4,910","4,920","4,940","4,870","32.79M","-0.81%"
"11/14/2024","4,950","4,960","4,970","4,910","33.43M","-0.20%"
"11/13/2024","4,960","4,930","5,025","4,910","64.55M","0.61%"
"11/12/2024","4,930","4,960","5,000","4,870","70.22M","-1.20%"
"11/11/2024","4,990","4,950","5,025","4,800","44.03M","0.20%"
"11/08/2024","4,980","5,075","5,125","4,970","51.15M","-0.90%"
"11/07/2024","5,025","5,150","5,175","5,025","63.75M","-1.95%"
"11/06/2024","5,125","5,425","5,425","5,100","67.21M","-5.09%"
"11/05/2024","5,400","5,275","5,450","5,250","32.45M","1.89%"
"11/04/2024","5,300","5,225","5,325","5,150","31.67M","1.92%"
"11/01/2024","5,200","5,250","5,250","5,175","21.87M","-0.95%"
"10/31/2024","5,250","5,200","5,300","5,175","50.04M","0.48%"
"10/30/2024","5,225","5,300","5,325","5,200","58.41M","-1.42%"
"10/29/2024","5,300","5,400","5,500","5,275","77.07M","-3.64%"
"10/28/2024","5,500","5,650","5,675","5,425","48.52M","-2.65%"
"10/25/2024","5,650","5,625","5,650","5,550","20.20M","0.44%"
"10/24/2024","5,625","5,650","5,700","5,625","26.45M","-0.88%"
"10/23/2024","5,675","5,675","5,675","5,600","63.16M","0.44%"
"10/22/2024","5,650","5,650","5,675","5,575","59.96M","0.44%"
"10/21/2024","5,625","5,700","5,750","5,600","50.98M","-0.44%"
"10/18/2024","5,650","5,550","5,650","5,550","58.87M","2.73%"
"10/17/2024","5,500","5,500","5,575","5,475","48.57M","0.46%"
"10/16/2024","5,475","5,500","5,500","5,450","26.63M","-0.45%"
"10/15/2024","5,500","5,450","5,525","5,425","44.25M","1.38%"
"10/14/2024","5,425","5,375","5,450","5,375","36.81M","0.93%"
"10/11/2024","5,375","5,425","5,425","5,325","14.49M","0.94%"
"10/10/2024","5,325","5,350","5,400","5,325","25.89M","0.00%"
"10/09/2024","5,325","5,350","5,425","5,275","70.83M","-0.47%"
"10/08/2024","5,350","5,150","5,400","5,100","90.69M","2.88%"
"10/07/2024","5,200","5,325","5,350","5,200","52.62M","-2.35%"
"10/04/2024","5,325","5,400","5,425","5,250","35.82M","-0.93%"
"10/03/2024","5,375","5,375","5,400","5,300","42.60M","0.47%"
"10/02/2024","5,350","5,325","5,400","5,300","27.72M","-0.47%"
"10/01/2024","5,375","5,375","5,450","5,350","40.09M","0.47%"
"09/30/2024","5,350","5,400","5,450","5,325","69.42M","-1.83%"
"09/27/2024","5,450","5,600","5,600","5,400","79.72M","-2.68%"
"09/26/2024","5,600","5,600","5,625","5,450","59.31M","0.00%"
"09/25/2024","5,600","5,750","5,750","5,450","120.89M","-3.45%"
"09/24/2024","5,800","5,800","5,825","5,750","39.90M","0.00%"
"09/23/2024","5,800","5,750","5,850","5,725","48.01M","0.87%"
"09/20/2024","5,750","5,825","5,825","5,750","47.67M","-1.29%"
"09/19/2024","5,825","5,800","5,850","5,750","93.85M","2.19%"
"09/18/2024","5,700","5,700","5,700","5,600","64.49M","0.88%"
"09/17/2024","5,650","5,600","5,700","5,600","40.78M","0.44%"
"09/13/2024","5,625","5,600","5,650","5,575","34.31M","0.45%"
"09/12/2024","5,600","5,625","5,650","5,575","43.32M","-0.88%"
"09/11/2024","5,650","5,700","5,750","5,650","33.79M","-0.88%"
"09/10/2024","5,700","5,750","5,775","5,700","55.03M","-0.44%"
"09/09/2024","5,725","5,650","5,750","5,625","78.83M","1.33%"
"09/06/2024","5,650","5,500","5,675","5,475","139.37M","3.67%"
"09/05/2024","5,450","5,375","5,450","5,350","62.22M","1.87%"
"09/04/2024","5,350","5,325","5,375","5,300","47.28M","-0.47%"
"09/03/2024","5,375","5,375","5,400","5,325","20.29M","0.47%"
"09/02/2024","5,350","5,350","5,400","5,325","22.99M","0.00%"
"08/30/2024","5,350","5,300","5,400","5,300","86.72M","0.94%"
"08/29/2024","5,300","5,425","5,425","5,300","40.75M","-1.40%"
"08/28/2024","5,375","5,400","5,425","5,275","48.48M","-0.46%"
"08/27/2024","5,400","5,525","5,550","5,350","57.14M","-2.26%"
"08/26/2024","5,525","5,450","5,550","5,450","68.44M","1.38%"
"08/23/2024","5,450","5,300","5,500","5,300","69.91M","3.32%"
"08/22/2024","5,275","5,425","5,425","5,225","72.63M","-3.21%"
"08/21/2024","5,450","5,475","5,550","5,425","92.70M","-0.46%"
"08/20/2024","5,475","5,375","5,500","5,375","69.98M","2.34%"
"08/19/2024","5,350","5,300","5,450","5,275","55.66M","0.94%"
"08/16/2024","5,300","5,300","5,350","5,275","33.60M","0.95%"
"08/15/2024","5,250","5,300","5,325","5,225","33.03M","-0.47%"
"08/14/2024","5,275","5,250","5,375","5,225","93.11M","1.93%"
"08/13/2024","5,175","5,175","5,200","5,125","26.20M","0.98%"
"08/12/2024","5,125","5,150","5,150","5,075","14.30M","0.00%"
"08/09/2024","5,125","5,050","5,200","5,050","33.03M","1.99%"
"08/08/2024","5,025","5,000","5,100","4,970","51.49M","0.50%"
"08/07/2024","5,000","5,025","5,050","4,980","32.56M","-0.50%"
"08/06/2024","5,025","5,000","5,075","4,940","51.83M","1.31%"
"08/05/2024","4,960","5,025","5,050","4,880","65.49M","-2.75%"
"08/02/2024","5,100","5,050","5,150","5,025","75.96M","0.49%"
"08/01/2024","5,075","4,940","5,075","4,940","54.21M","2.11%"
"07/31/2024","4,970","4,970","5,025","4,920","34.11M","0.40%"
"07/30/2024","4,950","5,000","5,000","4,950","36.83M","-1.49%"
"07/29/2024","5,025","5,025","5,050","5,000","19.85M","0.50%"
"07/26/2024","5,000","5,000","5,075","4,990","41.98M","-0.50%"
"07/25/2024","5,025","5,050","5,075","4,980","52.46M","-1.47%"
"07/24/2024","5,100","5,050","5,100","5,000","23.44M","0.99%"
"07/23/2024","5,050","5,100","5,125","5,050","30.55M","-0.98%"
"07/22/2024","5,100","5,125","5,150","5,050","32.38M","0.00%"
"07/19/2024","5,100","5,075","5,100","5,025","66.91M","0.49%"
"07/18/2024","5,075","4,990","5,125","4,990","86.13M","1.50%"
"07/17/2024","5,000","5,050","5,075","5,000","59.62M","0.40%"
"07/16/2024","4,980","5,050","5,050","4,980","66.37M","-0.90%"
"07/15/2024","5,025","5,050","5,075","4,980","94.79M","0.00%"
"07/12/2024","5,025","4,920","5,125","4,920","158.76M","3.18%"
"07/11/2024","4,870","4,850","4,880","4,830","37.57M","1.04%"
"07/10/2024","4,820","4,850","4,900","4,820","48.70M","-0.82%"
"07/09/2024","4,860","4,670","4,870","4,670","87.46M","4.07%"
"07/08/2024","4,670","4,730","4,740","4,670","36.00M","-0.64%"
"07/05/2024","4,700","4,730","4,780","4,690","67.59M","-0.21%"
"07/04/2024","4,710","4,690","4,770","4,660","61.44M","1.29%"
"07/03/2024","4,650","4,730","4,740","4,630","41.53M","-1.27%"
"07/02/2024","4,710","4,710","4,730","4,670","35.14M","0.00%"
"07/01/2024","4,710","4,690","4,720","4,650","43.25M","1.07%"
"06/28/2024","4,660","4,590","4,740","4,590","95.38M","1.75%"
"06/27/2024","4,580","4,450","4,610","4,430","85.46M","3.62%"
"06/26/2024","4,420","4,480","4,530","4,420","34.06M","-1.34%"
"06/25/2024","4,480","4,520","4,530","4,420","44.86M","-1.32%"
"06/24/2024","4,540","4,540","4,600","4,460","49.11M","0.00%"
"06/21/2024","4,540","4,400","4,610","4,400","109.31M","3.18%"
"06/20/2024","4,400","4,320","4,410","4,300","50.58M","2.33%"
"06/19/2024","4,300","4,310","4,390","4,260","60.37M","-0.23%"
"06/14/2024","4,310","4,480","4,480","4,310","65.05M","-3.79%"
"06/13/2024","4,480","4,500","4,520","4,460","47.76M","1.13%"
"06/12/2024","4,430","4,430","4,460","4,410","112.78M","-1.12%"
"06/11/2024","4,480","4,560","4,630","4,480","95.29M","-2.82%"
"06/10/2024","4,610","4,650","4,660","4,550","65.70M","-1.91%"
"06/07/2024","4,700","4,770","4,780","4,660","45.58M","-1.47%"
"06/06/2024","4,770","4,670","4,770","4,630","69.15M","3.47%"
"06/05/2024","4,610","4,630","4,660","4,580","48.31M","-0.65%"
"06/04/2024","4,640","4,650","4,700","4,600","52.89M","0.43%"
"06/03/2024","4,620","4,460","4,640","4,450","53.87M","5.00%"
"05/31/2024","4,400","4,540","4,570","4,400","145.98M","-2.00%"
"05/30/2024","4,490","4,500","4,560","4,370","81.61M","-0.88%"
"05/29/2024","4,530","4,680","4,690","4,500","111.83M","-3.82%"
"05/28/2024","4,710","4,700","4,790","4,690","25.80M","0.86%"
"05/27/2024","4,670","4,770","4,790","4,630","60.50M","-1.89%"
"05/22/2024","4,760","4,720","4,800","4,720","60.86M","-0.21%"
"05/21/2024","4,770","4,980","4,990","4,760","87.95M","-4.22%"
"05/20/2024","4,980","5,200","5,250","4,950","76.61M","-3.77%"
"05/17/2024","5,175","5,200","5,275","5,125","67.68M","-0.48%"
"05/16/2024","5,200","5,125","5,275","5,100","118.38M","3.48%"
"05/15/2024","5,025","4,880","5,100","4,850","85.73M","1.93%"
"05/14/2024","4,930","4,790","4,940","4,780","70.01M","3.14%"
"05/13/2024","4,780","4,600","4,780","4,600","54.33M","2.36%"
"05/08/2024","4,670","4,680","4,770","4,620","58.55M","-0.64%"
"05/07/2024","4,700","4,790","4,810","4,680","82.58M","-2.29%"
"05/06/2024","4,810","4,880","4,890","4,800","81.86M","-0.41%"
"05/03/2024","4,830","4,850","4,880","4,750","89.52M","0.00%"
"05/02/2024","4,830","5,200","5,250","4,810","183.46M","-8.00%"
"04/30/2024","5,250","5,325","5,350","5,225","73.66M","0.48%"
"04/29/2024","5,225","5,125","5,225","5,050","41.07M","1.46%"
"04/26/2024","5,150","5,200","5,275","5,100","80.48M","-2.83%"
"04/25/2024","5,300","5,300","5,325","5,225","35.92M","0.00%"
"04/24/2024","5,300","5,300","5,350","5,200","44.77M","0.95%"
"04/23/2024","5,250","5,375","5,425","5,250","46.19M","-1.87%"
"04/22/2024","5,350","5,250","5,350","5,150","62.51M","2.39%"
"04/19/2024","5,225","5,250","5,275","5,175","52.52M","-1.42%"
"04/18/2024","5,300","5,250","5,350","5,250","57.79M","0.95%"
"04/17/2024","5,250","5,250","5,350","5,250","68.95M","0.96%"
"04/16/2024","5,200","5,075","5,300","5,050","164.12M","-1.89%"
"04/05/2024","5,300","5,325","5,375","5,300","36.82M","-0.93%"
"04/04/2024","5,350","5,250","5,375","5,250","163.73M","0.47%"
"04/03/2024","5,325","5,450","5,525","5,225","126.99M","-2.74%"
"04/02/2024","5,475","5,625","5,625","5,425","121.16M","-3.10%"
"04/01/2024","5,650","5,900","5,900","5,550","100.17M","-4.24%"
"03/28/2024","5,900","5,950","5,950","5,850","40.08M","-0.42%"
"03/27/2024","5,925","5,950","5,975","5,900","19.64M","-0.42%"
"03/26/2024","5,950","5,900","5,950","5,850","29.38M","0.42%"
"03/25/2024","5,925","5,850","5,925","5,825","43.51M","1.28%"
"03/22/2024","5,850","5,850","5,875","5,800","37.99M","0.86%"
"03/21/2024","5,800","5,900","5,925","5,800","50.98M","-1.28%"
"03/20/2024","5,875","5,850","5,900","5,850","32.73M","0.43%"
"03/19/2024","5,850","5,800","5,875","5,800","34.16M","0.86%"
"03/18/2024","5,800","5,825","5,900","5,800","48.98M","0.00%"
"03/15/2024","5,800","5,950","5,950","5,725","144.45M","-5.69%"
"03/14/2024","6,150","6,225","6,250","6,075","88.15M","-1.20%"
"03/13/2024","6,225","6,100","6,250","6,100","87.86M","2.05%"
"03/08/2024","6,100","6,000","6,125","5,975","73.19M","2.09%"
"03/07/2024","5,975","5,975","6,025","5,950","47.46M","0.42%"
"03/06/2024","5,950","5,900","5,950","5,875","28.92M","0.85%"
"03/05/2024","5,900","5,875","5,950","5,850","49.80M","0.43%"
"03/04/2024","5,875","5,900","5,925","5,800","35.60M","-0.42%"
"03/01/2024","5,900","5,925","5,975","5,825","71.77M","-1.67%"
"02/29/2024","6,000","5,975","6,000","5,900","48.75M","0.42%"
"02/28/2024","5,975","5,950","6,000","5,900","32.22M","-0.42%"
"02/27/2024","6,000","5,900","6,000","5,850","38.65M","1.69%"
"02/26/2024","5,900","5,900","5,925","5,800","33.52M","0.00%"
"02/23/2024","5,900","6,000","6,000","5,825","50.22M","-0.84%"
"02/22/2024","5,950","6,000","6,025","5,900","37.68M","-0.83%"
"02/21/2024","6,000","6,025","6,050","5,925","55.12M","-0.41%"
"02/20/2024","6,025","5,900","6,025","5,900","37.55M","2.55%"
"02/19/2024","5,875","6,025","6,050","5,875","67.95M","-2.08%"
"02/16/2024","6,000","6,025","6,125","6,000","62.60M","0.00%"
"02/15/2024","6,000","6,150","6,225","6,000","128.79M","2.13%"
"02/13/2024","5,875","5,975","5,975","5,850","74.98M","-1.26%"
"02/12/2024","5,950","5,775","6,000","5,750","73.30M","3.48%"
"02/07/2024","5,750","5,775","5,825","5,750","40.09M","-0.43%"
"02/06/2024","5,775","5,775","5,825","5,750","41.83M","0.43%"
"02/05/2024","5,750","5,775","5,825","5,725","47.10M","-0.43%"
"02/02/2024","5,775","5,750","5,825","5,750","44.07M","0.87%"
"02/01/2024","5,725","5,750","5,750","5,650","49.21M","-0.43%"
"01/31/2024","5,750","5,700","5,800","5,675","70.05M","1.77%"
"01/30/2024","5,650","5,575","5,675","5,550","55.02M","1.35%"
"01/29/2024","5,575","5,450","5,575","5,450","63.06M","2.76%"
"01/26/2024","5,425","5,400","5,425","5,350","30.55M","0.46%"
"01/25/2024","5,400","5,500","5,525","5,400","47.96M","-1.37%"
"01/24/2024","5,475","5,450","5,500","5,400","42.44M","0.92%"
"01/23/2024","5,425","5,525","5,525","5,375","48.82M","-1.81%"
"01/22/2024","5,525","5,525","5,600","5,450","30.95M","0.45%"
"01/19/2024","5,500","5,575","5,575","5,475","29.78M","-0.90%"
"01/18/2024","5,550","5,550","5,600","5,475","33.24M","0.00%"
"01/17/2024","5,550","5,600","5,625","5,475","61.48M","-0.89%"
"01/16/2024","5,600","5,625","5,625","5,575","37.80M","-0.44%"
"01/15/2024","5,625","5,650","5,675","5,600","51.46M","0.45%"
"01/12/2024","5,600","5,600","5,650","5,575","40.94M","0.00%"
"01/11/2024","5,600","5,650","5,700","5,575","26.89M","0.00%"
"01/10/2024","5,600","5,625","5,675","5,575","37.99M","-0.88%"
"01/09/2024","5,650","5,600","5,650","5,600","34.90M","1.35%"
"01/08/2024","5,575","5,575","5,650","5,550","60.61M","0.00%"
"01/05/2024","5,575","5,675","5,750","5,575","69.46M","-0.45%"
"01/04/2024","5,600","5,350","5,675","5,325","85.10M","4.67%"
"01/03/2024","5,350","5,375","5,400","5,325","27.55M","-0.47%"
"01/02/2024","5,375","5,375","5,375","5,300","20.15M","0.00%"
"12/29/2023","5,375","5,375","5,400","5,325","38.42M","0.47%"
"12/28/2023","5,350","5,300","5,400","5,250","37.57M","1.42%"
"12/27/2023","5,275","5,300","5,325","5,250","34.65M","0.48%"
"12/22/2023","5,250","5,200","5,250","5,175","35.23M","1.94%"
"12/21/2023","5,150","5,225","5,225","5,125","48.77M","-0.96%"
"12/20/2023","5,200","5,225","5,250","5,175","54.31M","0.00%"
"12/19/2023","5,200","5,200","5,250","5,175","52.48M","0.00%"
"12/18/2023","5,200","5,250","5,300","5,175","51.52M","-1.42%"
"12/15/2023","5,275","5,425","5,425","5,275","58.45M","-1.40%"
"12/14/2023","5,350","5,225","5,400","5,225","91.44M","3.38%"
"12/13/2023","5,175","5,275","5,275","5,125","39.24M","-1.90%"
"12/12/2023","5,275","5,250","5,300","5,225","40.55M","1.93%"
"12/11/2023","5,175","5,075","5,200","5,050","36.39M","1.97%"
"12/08/2023","5,075","5,200","5,225","5,075","47.84M","-3.79%"
"12/07/2023","5,275","5,225","5,300","5,150","36.51M","0.96%"
"12/06/2023","5,225","5,300","5,325","5,225","32.45M","-1.42%"
"12/05/2023","5,300","5,300","5,325","5,225","29.79M","0.00%"
"12/04/2023","5,300","5,275","5,350","5,250","34.11M","0.95%"
"12/01/2023","5,250","5,300","5,300","5,200","31.22M","-0.47%"
"11/30/2023","5,275","5,150","5,275","5,150","127.52M","0.96%"
"11/29/2023","5,225","5,125","5,225","5,100","48.04M","0.97%"
"11/28/2023","5,175","5,350","5,350","5,175","43.14M","-1.90%"
"11/27/2023","5,275","5,225","5,350","5,225","79.55M","1.44%"
"11/24/2023","5,200","5,175","5,250","5,175","64.68M","0.97%"
"11/23/2023","5,150","5,100","5,175","5,075","80.16M","1.48%"
"11/22/2023","5,075","5,100","5,100","5,025","28.87M","0.00%"
"11/21/2023","5,075","5,000","5,100","4,990","129.45M","1.91%"
"11/20/2023","4,980","5,000","5,025","4,970","55.04M","0.00%"
"11/17/2023","4,980","4,940","4,990","4,900","48.49M","0.61%"
"11/16/2023","4,950","4,970","4,990","4,910","47.54M","-0.60%"
"11/15/2023","4,980","4,970","5,025","4,960","93.35M","2.05%"
"11/14/2023","4,880","4,910","4,940","4,880","27.96M","-0.20%"
"11/13/2023","4,890","4,890","4,910","4,870","20.46M","0.62%"
"11/10/2023","4,860","4,860","4,870","4,820","37.75M","0.00%"
"11/09/2023","4,860","4,880","4,950","4,860","33.00M","-0.41%"
"11/08/2023","4,880","4,940","4,950","4,860","32.18M","-1.21%"
"11/07/2023","4,940","4,970","4,970","4,910","38.21M","-0.60%"
"11/06/2023","4,970","4,980","5,000","4,940","54.28M","1.64%"
"11/03/2023","4,890","4,910","4,940","4,880","37.33M","0.41%"
"11/02/2023","4,870","4,820","4,920","4,810","61.53M","1.04%"
"11/01/2023","4,820","4,930","4,930","4,790","58.01M","0.63%"
"10/31/2023","4,790","4,850","4,850","4,720","62.06M","-1.24%"
"10/30/2023","4,850","4,850","4,860","4,810","34.31M","0.00%"
"10/27/2023","4,850","4,880","4,900","4,850","39.35M","-0.61%"
"10/26/2023","4,880","4,980","4,990","4,830","77.08M","-1.81%"
"10/25/2023","4,970","5,050","5,050","4,960","49.11M","-0.60%"
"10/24/2023","5,000","5,000","5,075","4,970","43.66M","0.20%"
"10/23/2023","4,990","4,970","5,050","4,950","36.58M","0.40%"
"10/20/2023","4,970","4,940","5,025","4,910","52.79M","0.61%"
"10/19/2023","4,940","5,100","5,100","4,900","96.75M","-3.61%"
"10/18/2023","5,125","5,200","5,225","5,100","54.87M","-1.44%"
"10/17/2023","5,200","5,200","5,225","5,150","29.83M","0.00%"
"10/16/2023","5,200","5,200","5,275","5,150","38.86M","0.48%"
"10/13/2023","5,175","5,350","5,375","5,175","49.14M","-2.82%"
"10/12/2023","5,325","5,200","5,425","5,200","71.49M","2.90%"
"10/11/2023","5,175","5,200","5,200","5,150","63.71M","-0.48%"
"10/10/2023","5,200","5,175","5,200","5,150","30.11M","1.96%"
"10/09/2023","5,100","5,200","5,200","5,050","55.81M","-1.92%"
"10/06/2023","5,200","5,225","5,225","5,175","41.84M","0.24%"
"10/05/2023","5,188","5,200","5,200","5,175","69.73M","0.00%"
"10/04/2023","5,188","5,225","5,238","5,125","57.96M","-0.48%"
"10/03/2023","5,213","5,175","5,225","5,163","51.35M","1.21%"
"10/02/2023","5,150","5,163","5,250","5,150","52.56M","-0.24%"
"09/29/2023","5,163","5,088","5,213","5,075","76.99M","1.98%"
"09/27/2023","5,063","4,988","5,113","4,975","92.09M","1.50%"
"09/26/2023","4,988","5,038","5,050","4,975","127.17M","-0.75%"
"09/25/2023","5,025","4,875","5,025","4,875","111.01M","3.08%"
"09/22/2023","4,875","4,825","4,938","4,800","93.23M","1.56%"
"09/21/2023","4,800","4,788","4,838","4,775","56.16M","0.26%"
"09/20/2023","4,788","4,725","4,838","4,725","82.22M","1.32%"
"09/19/2023","4,725","4,688","4,763","4,675","29.55M","1.07%"
"09/18/2023","4,675","4,738","4,750","4,675","32.82M","-1.32%"
"09/15/2023","4,738","4,725","4,763","4,713","73.35M","0.26%"
"09/14/2023","4,725","4,700","4,750","4,675","57.21M","1.07%"
"09/13/2023","4,675","4,663","4,688","4,638","44.96M","0.54%"
"09/12/2023","4,650","4,725","4,725","4,650","53.09M","-1.59%"
"09/11/2023","4,725","4,688","4,750","4,650","54.93M","0.80%"
"09/08/2023","4,688","4,750","4,750","4,675","49.97M","-1.32%"
"09/07/2023","4,750","4,788","4,788","4,700","52.56M","-0.78%"
"09/06/2023","4,788","4,838","4,838","4,788","60.57M","-0.52%"
"09/05/2023","4,813","4,725","4,850","4,725","100.66M","1.85%"
"09/04/2023","4,725","4,625","4,763","4,600","146.90M","3.00%"
"09/01/2023","4,588","4,600","4,613","4,588","16.70M","0.00%"
"08/31/2023","4,588","4,600","4,625","4,588","64.01M","-0.27%"
"08/30/2023","4,600","4,588","4,650","4,588","83.25M","0.55%"
"08/29/2023","4,575","4,550","4,600","4,550","49.79M","0.55%"
"08/28/2023","4,550","4,550","4,575","4,538","21.94M","0.00%"
"08/25/2023","4,550","4,550","4,563","4,525","27.45M","-0.27%"
"08/24/2023","4,563","4,538","4,575","4,538","28.49M","0.55%"
"08/23/2023","4,538","4,550","4,563","4,538","27.34M","-0.27%"
"08/22/2023","4,550","4,563","4,575","4,538","30.73M","-0.27%"
"08/21/2023","4,563","4,538","4,563","4,525","35.95M","0.83%"
"08/18/2023","4,525","4,538","4,538","4,488","51.66M","-0.55%"
"08/16/2023","4,550","4,550","4,563","4,475","66.76M","0.00%"
"08/15/2023","4,550","4,600","4,613","4,550","48.73M","-1.09%"
"08/14/2023","4,600","4,563","4,625","4,550","90.43M","1.10%"
"08/11/2023","4,550","4,550","4,563","4,525","33.96M","0.00%"
"08/10/2023","4,550","4,550","4,563","4,525","48.94M","0.28%"
"08/09/2023","4,538","4,463","4,550","4,463","67.68M","1.68%"
"08/08/2023","4,463","4,500","4,513","4,450","32.91M","-0.83%"
"08/07/2023","4,500","4,500","4,525","4,500","35.04M","0.00%"
"08/04/2023","4,500","4,475","4,525","4,463","56.22M","0.56%"
"08/03/2023","4,475","4,438","4,500","4,425","82.17M","0.85%"
"08/02/2023","4,438","4,350","4,438","4,350","66.45M","2.31%"
"08/01/2023","4,338","4,413","4,425","4,313","136.29M","-2.25%"
"07/31/2023","4,438","4,450","4,475","4,413","65.02M","0.00%"
"07/28/2023","4,438","4,450","4,463","4,400","81.25M","-0.28%"
"07/27/2023","4,450","4,463","4,475","4,450","85.57M","-0.56%"
"07/26/2023","4,475","4,513","4,525","4,463","104.01M","-0.83%"
"07/25/2023","4,513","4,525","4,563","4,513","45.96M","0.00%"
"07/24/2023","4,513","4,500","4,538","4,500","37.49M","-0.28%"
"07/21/2023","4,525","4,525","4,525","4,500","19.58M","0.00%"
"07/20/2023","4,525","4,463","4,525","4,463","62.53M","1.69%"
"07/18/2023","4,450","4,475","4,500","4,450","77.42M","-0.56%"
"07/17/2023","4,475","4,475","4,513","4,475","60.02M","0.28%"
"07/14/2023","4,463","4,463","4,488","4,450","43.60M","0.28%"
"07/13/2023","4,450","4,488","4,513","4,438","116.00M","-0.56%"
"07/12/2023","4,475","4,500","4,513","4,463","83.93M","-0.28%"
"07/11/2023","4,488","4,513","4,538","4,488","46.16M","-0.83%"
"07/10/2023","4,525","4,538","4,563","4,525","19.83M","-0.28%"
"07/07/2023","4,538","4,550","4,575","4,538","24.71M","-0.27%"
"07/06/2023","4,550","4,575","4,600","4,538","48.29M","-0.55%"
"07/05/2023","4,575","4,563","4,575","4,538","16.72M","0.55%"
"07/04/2023","4,550","4,613","4,613","4,525","31.94M","-1.36%"
"07/03/2023","4,613","4,600","4,625","4,575","63.14M","0.82%"
"06/27/2023","4,575","4,563","4,588","4,538","33.97M","0.27%"
"06/26/2023","4,563","4,513","4,563","4,488","27.72M","1.11%"
"06/23/2023","4,513","4,538","4,550","4,513","22.35M","-0.28%"
"06/22/2023","4,525","4,550","4,613","4,525","41.78M","-0.55%"
"06/21/2023","4,550","4,538","4,550","4,500","21.64M","0.28%"
"06/20/2023","4,538","4,525","4,538","4,500","27.11M","0.28%"
"06/19/2023","4,525","4,513","4,525","4,475","28.21M","0.28%"
"06/16/2023","4,513","4,538","4,538","4,475","53.22M","-0.82%"
"06/15/2023","4,550","4,488","4,550","4,475","35.27M","1.39%"
"06/14/2023","4,488","4,550","4,550","4,475","91.45M","-1.64%"
"06/13/2023","4,563","4,650","4,650","4,550","40.19M","-1.88%"
"06/12/2023","4,650","4,625","4,650","4,588","34.35M","0.81%"
"06/09/2023","4,613","4,600","4,613","4,575","35.87M","0.27%"
"06/08/2023","4,600","4,575","4,600","4,538","34.32M","0.55%"
"06/07/2023","4,575","4,613","4,625","4,538","56.72M","-0.54%"
"06/06/2023","4,600","4,500","4,625","4,463","82.23M","2.22%"
"06/05/2023","4,500","4,525","4,563","4,500","53.16M","-0.55%"
"05/31/2023","4,525","4,550","4,563","4,513","163.52M","0.28%"
"05/30/2023","4,513","4,513","4,550","4,488","46.52M","-0.28%"
"05/29/2023","4,525","4,500","4,525","4,475","27.49M","1.12%"
"05/26/2023","4,475","4,500","4,538","4,475","43.54M","-0.56%"
"05/25/2023","4,500","4,413","4,513","4,400","70.64M","1.98%"
"05/24/2023","4,413","4,450","4,475","4,400","123.71M","-1.40%"
"05/23/2023","4,475","4,413","4,500","4,413","96.90M","1.13%"
"05/22/2023","4,425","4,413","4,438","4,388","88.48M","0.28%"
"05/19/2023","4,413","4,400","4,450","4,375","87.06M","0.86%"
"05/17/2023","4,375","4,363","4,413","4,325","102.15M","0.00%"
"05/16/2023","4,375","4,475","4,488","4,350","108.32M","-1.69%"
"05/15/2023","4,450","4,500","4,513","4,425","70.96M","-1.11%"
"05/12/2023","4,500","4,563","4,575","4,488","47.33M","-1.64%"
"05/11/2023","4,575","4,575","4,575","4,525","38.69M","-0.54%"
"05/10/2023","4,600","4,613","4,638","4,588","35.51M","0.82%"
"05/09/2023","4,563","4,563","4,588","4,525","36.74M","-0.27%"
"05/08/2023","4,575","4,638","4,650","4,575","33.60M","-1.08%"
"05/05/2023","4,625","4,650","4,663","4,575","49.24M","-0.54%"
"05/04/2023","4,650","4,700","4,713","4,638","40.11M","-1.85%"
"05/03/2023","4,738","4,775","4,775","4,700","23.89M","-0.79%"
"05/02/2023","4,775","4,725","4,775","4,713","38.96M","1.33%"
"04/28/2023","4,713","4,788","4,788","4,713","46.13M","-0.79%"
"04/27/2023","4,750","4,775","4,800","4,738","30.71M","-0.78%"
"04/26/2023","4,788","4,775","4,788","4,713","93.23M","1.06%"
"04/18/2023","4,738","4,725","4,788","4,700","58.42M","0.26%"
"04/17/2023","4,725","4,713","4,725","4,688","28.54M","0.53%"
"04/14/2023","4,700","4,713","4,750","4,688","58.64M","0.27%"
"04/13/2023","4,688","4,725","4,725","4,675","49.45M","0.27%"
"04/12/2023","4,675","4,700","4,700","4,675","42.59M","-0.27%"
"04/11/2023","4,688","4,650","4,700","4,650","31.59M","0.54%"
"04/10/2023","4,663","4,675","4,688","4,625","33.00M","-0.53%"
"04/06/2023","4,688","4,663","4,688","4,663","46.46M","0.54%"
"04/05/2023","4,663","4,675","4,725","4,638","50.93M","-0.27%"
"04/04/2023","4,675","4,675","4,688","4,600","35.80M","0.00%"
"04/03/2023","4,675","4,675","4,700","4,638","26.59M","0.00%"
"03/31/2023","4,675","4,675","4,688","4,613","54.07M","0.00%"
"03/30/2023","4,675","4,650","4,700","4,625","67.52M","1.63%"
"03/29/2023","4,600","4,525","4,625","4,513","57.83M","1.94%"
"03/28/2023","4,513","4,600","4,600","4,500","72.87M","-5.00%"
"03/27/2023","4,750","4,838","4,875","4,750","110.40M","-1.30%"
"03/24/2023","4,813","4,638","4,863","4,625","173.82M","4.34%"
"03/21/2023","4,613","4,525","4,625","4,488","44.94M","2.50%"
"03/20/2023","4,500","4,513","4,563","4,488","32.20M","-0.28%"
"03/17/2023","4,513","4,500","4,575","4,488","118.43M","0.84%"
"03/16/2023","4,475","4,438","4,550","4,413","104.24M","1.70%"
"03/15/2023","4,400","4,450","4,463","4,388","90.77M","0.28%"
"03/14/2023","4,388","4,450","4,450","4,375","126.83M","-2.50%"
"03/13/2023","4,500","4,513","4,525","4,438","87.39M","-0.28%"
"03/10/2023","4,513","4,550","4,563","4,500","72.69M","-1.37%"
"03/09/2023","4,575","4,500","4,613","4,500","112.17M","3.10%"
"03/08/2023","4,438","4,425","4,438","4,400","26.26M","-0.28%"
"03/07/2023","4,450","4,400","4,463","4,400","40.63M","1.14%"
"03/06/2023","4,400","4,400","4,438","4,375","42.48M","0.57%"
"03/03/2023","4,375","4,438","4,450","4,375","54.99M","-1.41%"
"03/02/2023","4,438","4,475","4,475","4,438","49.58M","-0.84%"
"03/01/2023","4,475","4,388","4,488","4,388","48.20M","1.99%"
"02/28/2023","4,388","4,500","4,500","4,388","108.31M","-1.96%"
"02/27/2023","4,475","4,450","4,500","4,425","43.00M","0.56%"
"02/24/2023","4,450","4,500","4,563","4,450","61.46M","-0.56%"
"02/23/2023","4,475","4,425","4,500","4,400","52.74M","1.13%"
"02/22/2023","4,425","4,500","4,525","4,400","103.69M","-2.21%"
"02/21/2023","4,525","4,575","4,600","4,525","72.59M","-1.09%"
"02/20/2023","4,575","4,638","4,663","4,563","66.06M","-1.35%"
"02/17/2023","4,638","4,675","4,688","4,625","23.08M","-0.80%"
"02/16/2023","4,675","4,725","4,725","4,650","38.39M","-0.80%"
"02/15/2023","4,713","4,725","4,738","4,638","44.27M","-0.26%"
"02/14/2023","4,725","4,750","4,775","4,700","37.44M","-0.53%"
"02/13/2023","4,750","4,788","4,788","4,725","26.26M","-0.26%"
"02/10/2023","4,763","4,763","4,763","4,713","24.98M","-0.26%"
"02/09/2023","4,775","4,725","4,775","4,713","47.64M","0.79%"
"02/08/2023","4,738","4,688","4,750","4,688","34.06M","1.07%"
"02/07/2023","4,688","4,675","4,700","4,625","38.89M","0.27%"
"02/06/2023","4,675","4,650","4,675","4,575","38.51M","0.54%"
"02/03/2023","4,650","4,600","4,663","4,575","42.78M","2.20%"
"02/02/2023","4,550","4,588","4,600","4,525","38.58M","-0.27%"
"02/01/2023","4,563","4,600","4,625","4,538","58.89M","-0.27%"
"01/31/2023","4,575","4,600","4,650","4,538","116.84M","-1.61%"
"01/30/2023","4,650","4,775","4,775","4,625","77.46M","-2.62%"
"01/27/2023","4,775","4,800","4,800","4,738","79.53M","0.79%"
"01/26/2023","4,738","4,563","4,763","4,538","77.29M","4.41%"
"01/25/2023","4,538","4,600","4,625","4,525","68.17M","0.28%"
"01/24/2023","4,525","4,538","4,575","4,488","25.83M","0.28%"
"01/20/2023","4,513","4,500","4,550","4,450","31.00M","0.84%"
"01/19/2023","4,475","4,450","4,488","4,413","28.43M","0.85%"
"01/18/2023","4,438","4,475","4,513","4,400","42.10M","-0.56%"
"01/17/2023","4,463","4,388","4,488","4,375","58.84M","1.71%"
"01/16/2023","4,388","4,350","4,400","4,338","24.91M","1.15%"
"01/13/2023","4,338","4,338","4,338","4,288","31.50M","0.87%"
"01/12/2023","4,300","4,338","4,375","4,250","71.43M","1.18%"
"01/11/2023","4,250","4,363","4,363","4,213","105.53M","-2.58%"
"01/10/2023","4,363","4,500","4,500","4,325","56.89M","-3.06%"
"01/09/2023","4,500","4,475","4,525","4,438","38.72M","1.12%"
"01/06/2023","4,450","4,488","4,525","4,438","47.08M","-1.11%"
"01/05/2023","4,500","4,575","4,575","4,413","91.14M","-1.91%"
"01/04/2023","4,588","4,638","4,650","4,575","48.41M","-1.08%"
"01/03/2023","4,638","4,600","4,650","4,575","26.46M","0.54%"
"01/02/2023","4,613","4,613","4,613","4,550","14.59M","0.00%"